report_date,site_id,rrc_attempts,rrc_completions
2026-06-01 00:00:00,S0001,38291,38239
2026-06-01 00:00:00,S0002,41698,41616
2026-06-01 00:00:00,S0003,50993,50836
2026-06-01 00:00:00,S0004,54421,54338
2026-06-01 00:00:00,S0005,44144,44040
2026-06-01 00:00:00,S0006,57933,57851
2026-06-01 00:00:00,S0007,60724,60593
2026-06-01 00:00:00,S0008,57170,57088
2026-06-01 00:00:00,S0009,58868,58738
2026-06-01 00:00:00,S0010,50663,50653
2026-06-01 00:00:00,S0011,59591,59433
2026-06-01 00:00:00,S0012,61136,61019
2026-06-01 00:00:00,S0013,54584,54509
2026-06-01 00:00:00,S0014,66372,66229
2026-06-01 00:00:00,S0015,67228,67051
2026-06-01 00:00:00,S0016,67590,67470
2026-06-01 00:00:00,S0017,62160,62094
2026-06-01 00:00:00,S0018,61782,61629
2026-06-01 00:00:00,S0019,82961,82837
2026-06-01 00:00:00,S0020,84684,84469
2026-06-01 00:00:00,S0021,76114,75946
2026-06-01 00:00:00,S0022,80137,80026
2026-06-01 00:00:00,S0023,74479,74326
2026-06-01 00:00:00,S0024,73969,73715
2026-06-01 00:00:00,S0025,91740,91581
2026-06-01 00:00:00,S0026,95980,95779
2026-06-01 00:00:00,S0027,76984,76792
2026-06-01 00:00:00,S0028,84720,84669
2026-06-01 00:00:00,S0029,97074,96962
2026-06-01 00:00:00,S0030,104008,103782
2026-06-02 00:00:00,S0001,41660,41608
2026-06-02 00:00:00,S0002,50673,50553
2026-06-02 00:00:00,S0003,43398,43281
2026-06-02 00:00:00,S0004,52275,52181
2026-06-02 00:00:00,S0005,52268,52142
2026-06-02 00:00:00,S0006,44885,44816
2026-06-02 00:00:00,S0007,50960,50862
2026-06-02 00:00:00,S0008,60856,60766
2026-06-02 00:00:00,S0009,63639,63490
2026-06-02 00:00:00,S0010,54271,54260
2026-06-02 00:00:00,S0011,59471,59319
2026-06-02 00:00:00,S0012,64381,64244
2026-06-02 00:00:00,S0013,60465,60368
2026-06-02 00:00:00,S0014,57256,57141
2026-06-02 00:00:00,S0015,58279,58141
2026-06-02 00:00:00,S0016,72694,72564
2026-06-02 00:00:00,S0017,62453,62397
2026-06-02 00:00:00,S0018,76358,76166
2026-06-02 00:00:00,S0019,64717,64617
2026-06-02 00:00:00,S0020,71296,71132
2026-06-02 00:00:00,S0021,85857,85673
2026-06-02 00:00:00,S0022,67778,67704
2026-06-02 00:00:00,S0023,90536,90378
2026-06-02 00:00:00,S0024,77277,77037
2026-06-02 00:00:00,S0025,79166,79033
2026-06-02 00:00:00,S0026,80472,80275
2026-06-02 00:00:00,S0027,80433,80236
2026-06-02 00:00:00,S0028,90636,90564
2026-06-02 00:00:00,S0029,80440,80309
2026-06-02 00:00:00,S0030,78834,78666
2026-06-03 00:00:00,S0001,48809,48749
2026-06-03 00:00:00,S0002,50608,50504
2026-06-03 00:00:00,S0003,41353,41225
2026-06-03 00:00:00,S0004,44018,43937
2026-06-03 00:00:00,S0005,45880,45768
2026-06-03 00:00:00,S0006,59058,58980
2026-06-03 00:00:00,S0007,58767,58641
2026-06-03 00:00:00,S0008,47777,47700
2026-06-03 00:00:00,S0009,53218,53096
2026-06-03 00:00:00,S0010,56087,56076
2026-06-03 00:00:00,S0011,54134,53991
2026-06-03 00:00:00,S0012,69763,69628
2026-06-03 00:00:00,S0013,66693,66600
2026-06-03 00:00:00,S0014,57351,57244
2026-06-03 00:00:00,S0015,69131,68967
2026-06-03 00:00:00,S0016,68461,68344
2026-06-03 00:00:00,S0017,64551,64502
2026-06-03 00:00:00,S0018,76322,76146
2026-06-03 00:00:00,S0019,72075,71967
2026-06-03 00:00:00,S0020,66625,66475
2026-06-03 00:00:00,S0021,73123,72966
2026-06-03 00:00:00,S0022,70193,70110
2026-06-03 00:00:00,S0023,89661,89478
2026-06-03 00:00:00,S0024,76243,75996
2026-06-03 00:00:00,S0025,85239,85095
2026-06-03 00:00:00,S0026,82360,82188
2026-06-03 00:00:00,S0027,95831,95610
2026-06-03 00:00:00,S0028,95444,95345
2026-06-03 00:00:00,S0029,86897,86778
2026-06-03 00:00:00,S0030,92395,92192
2026-06-04 00:00:00,S0001,39782,39726
2026-06-04 00:00:00,S0002,47353,47257
2026-06-04 00:00:00,S0003,46329,46192
2026-06-04 00:00:00,S0004,51169,51084
2026-06-04 00:00:00,S0005,45146,45035
2026-06-04 00:00:00,S0006,50477,50412
2026-06-04 00:00:00,S0007,59927,59822
2026-06-04 00:00:00,S0008,55017,54928
2026-06-04 00:00:00,S0009,59843,59704
2026-06-04 00:00:00,S0010,50314,50304
2026-06-04 00:00:00,S0011,68388,68190
2026-06-04 00:00:00,S0012,60591,60475
2026-06-04 00:00:00,S0013,62675,62591
2026-06-04 00:00:00,S0014,72496,72327
2026-06-04 00:00:00,S0015,62015,61879
2026-06-04 00:00:00,S0016,59657,59543
2026-06-04 00:00:00,S0017,62155,62113
2026-06-04 00:00:00,S0018,77137,76946
2026-06-04 00:00:00,S0019,71887,71796
2026-06-04 00:00:00,S0020,69339,69183
2026-06-04 00:00:00,S0021,75416,75264
2026-06-04 00:00:00,S0022,84430,84316
2026-06-04 00:00:00,S0023,76289,76143
2026-06-04 00:00:00,S0024,83024,82761
2026-06-04 00:00:00,S0025,94419,94283
2026-06-04 00:00:00,S0026,78613,78450
2026-06-04 00:00:00,S0027,77549,77344
2026-06-04 00:00:00,S0028,92929,92835
2026-06-04 00:00:00,S0029,96147,96038
2026-06-04 00:00:00,S0030,79030,78849
2026-06-05 00:00:00,S0001,48125,48050
2026-06-05 00:00:00,S0002,48331,48232
2026-06-05 00:00:00,S0003,40812,40692
2026-06-05 00:00:00,S0004,55186,55099
2026-06-05 00:00:00,S0005,45218,45105
2026-06-05 00:00:00,S0006,48384,48328
2026-06-05 00:00:00,S0007,55913,55804
2026-06-05 00:00:00,S0008,57068,56978
2026-06-05 00:00:00,S0009,52980,52859
2026-06-05 00:00:00,S0010,65289,65276
2026-06-05 00:00:00,S0011,55039,54889
2026-06-05 00:00:00,S0012,69972,69833
2026-06-05 00:00:00,S0013,62194,62097
2026-06-05 00:00:00,S0014,67090,66956
2026-06-05 00:00:00,S0015,61547,61388
2026-06-05 00:00:00,S0016,69628,69498
2026-06-05 00:00:00,S0017,70487,70428
2026-06-05 00:00:00,S0018,74057,73901
2026-06-05 00:00:00,S0019,63421,63344
2026-06-05 00:00:00,S0020,67668,67499
2026-06-05 00:00:00,S0021,81531,81364
2026-06-05 00:00:00,S0022,68492,68400
2026-06-05 00:00:00,S0023,69395,69266
2026-06-05 00:00:00,S0024,70656,70425
2026-06-05 00:00:00,S0025,89394,89282
2026-06-05 00:00:00,S0026,93956,93751
2026-06-05 00:00:00,S0027,97879,97619
2026-06-05 00:00:00,S0028,98171,98113
2026-06-05 00:00:00,S0029,87318,87198
2026-06-05 00:00:00,S0030,81573,81386
2026-06-06 00:00:00,S0001,32990,32945
2026-06-06 00:00:00,S0002,30055,29986
2026-06-06 00:00:00,S0003,34524,34421
2026-06-06 00:00:00,S0004,31539,31489
2026-06-06 00:00:00,S0005,31731,31540
2026-06-06 00:00:00,S0006,38617,38570
2026-06-06 00:00:00,S0007,36656,36592
2026-06-06 00:00:00,S0008,40487,40414
2026-06-06 00:00:00,S0009,45338,45222
2026-06-06 00:00:00,S0010,46236,46227
2026-06-06 00:00:00,S0011,46990,46860
2026-06-06 00:00:00,S0012,41586,41514
2026-06-06 00:00:00,S0013,49456,49399
2026-06-06 00:00:00,S0014,45788,45478
2026-06-06 00:00:00,S0015,51930,51811
2026-06-06 00:00:00,S0016,54971,54861
2026-06-06 00:00:00,S0017,45113,45082
2026-06-06 00:00:00,S0018,44525,44423
2026-06-06 00:00:00,S0019,51629,51563
2026-06-06 00:00:00,S0020,54474,54348
2026-06-06 00:00:00,S0021,59251,59138
2026-06-06 00:00:00,S0022,59883,59800
2026-06-06 00:00:00,S0023,49988,49604
2026-06-06 00:00:00,S0024,64997,64781
2026-06-06 00:00:00,S0025,63164,63056
2026-06-06 00:00:00,S0026,69249,69095
2026-06-06 00:00:00,S0027,54152,54015
2026-06-06 00:00:00,S0028,56822,56792
2026-06-06 00:00:00,S0029,64152,64078
2026-06-06 00:00:00,S0030,66807,66655
2026-06-07 00:00:00,S0001,31772,31736
2026-06-07 00:00:00,S0002,28184,28125
2026-06-07 00:00:00,S0003,33769,33673
2026-06-07 00:00:00,S0004,32173,32123
2026-06-07 00:00:00,S0005,32906,32671
2026-06-07 00:00:00,S0006,35093,35038
2026-06-07 00:00:00,S0007,36013,35952
2026-06-07 00:00:00,S0008,38783,38731
2026-06-07 00:00:00,S0009,45612,45516
2026-06-07 00:00:00,S0010,38853,38845
2026-06-07 00:00:00,S0011,44962,44833
2026-06-07 00:00:00,S0012,43492,43415
2026-06-07 00:00:00,S0013,40911,40867
2026-06-07 00:00:00,S0014,41524,41253
2026-06-07 00:00:00,S0015,47551,47449
2026-06-07 00:00:00,S0016,54570,54476
2026-06-07 00:00:00,S0017,54295,54254
2026-06-07 00:00:00,S0018,56671,56538
2026-06-07 00:00:00,S0019,54283,54206
2026-06-07 00:00:00,S0020,53352,53217
2026-06-07 00:00:00,S0021,62466,62358
2026-06-07 00:00:00,S0022,52932,52878
2026-06-07 00:00:00,S0023,61194,60867
2026-06-07 00:00:00,S0024,59597,59416
2026-06-07 00:00:00,S0025,57000,56908
2026-06-07 00:00:00,S0026,61306,61159
2026-06-07 00:00:00,S0027,67635,67470
2026-06-07 00:00:00,S0028,71026,70959
2026-06-07 00:00:00,S0029,73484,73373
2026-06-07 00:00:00,S0030,69419,69263
2026-06-08 00:00:00,S0001,48212,48156
2026-06-08 00:00:00,S0002,49097,48985
2026-06-08 00:00:00,S0003,45047,44921
2026-06-08 00:00:00,S0004,47771,47709
2026-06-08 00:00:00,S0005,53428,53297
2026-06-08 00:00:00,S0006,47680,47625
2026-06-08 00:00:00,S0007,60243,60115
2026-06-08 00:00:00,S0008,56460,56384
2026-06-08 00:00:00,S0009,52154,51606
2026-06-08 00:00:00,S0010,56123,56112
2026-06-08 00:00:00,S0011,65022,64838
2026-06-08 00:00:00,S0012,59959,59841
2026-06-08 00:00:00,S0013,61962,61869
2026-06-08 00:00:00,S0014,65356,65207
2026-06-08 00:00:00,S0015,59677,59543
2026-06-08 00:00:00,S0016,73659,73509
2026-06-08 00:00:00,S0017,68556,68492
2026-06-08 00:00:00,S0018,79478,79282
2026-06-08 00:00:00,S0019,79762,79632
2026-06-08 00:00:00,S0020,78911,78737
2026-06-08 00:00:00,S0021,77912,77777
2026-06-08 00:00:00,S0022,88774,88656
2026-06-08 00:00:00,S0023,70917,70772
2026-06-08 00:00:00,S0024,70454,70235
2026-06-08 00:00:00,S0025,80092,79966
2026-06-08 00:00:00,S0026,84349,84159
2026-06-08 00:00:00,S0027,97506,97285
2026-06-08 00:00:00,S0028,76541,76482
2026-06-08 00:00:00,S0029,80989,80870
2026-06-08 00:00:00,S0030,103932,103703
2026-06-09 00:00:00,S0001,41317,41258
2026-06-09 00:00:00,S0002,40197,40119
2026-06-09 00:00:00,S0003,51133,50999
2026-06-09 00:00:00,S0004,46003,45939
2026-06-09 00:00:00,S0005,43861,43754
2026-06-09 00:00:00,S0006,46860,46800
2026-06-09 00:00:00,S0007,60367,60253
2026-06-09 00:00:00,S0008,52219,52131
2026-06-09 00:00:00,S0009,59255,59134
2026-06-09 00:00:00,S0010,60732,60720
2026-06-09 00:00:00,S0011,53137,52998
2026-06-09 00:00:00,S0012,67817,67703
2026-06-09 00:00:00,S0013,66353,66272
2026-06-09 00:00:00,S0014,68853,68716
2026-06-09 00:00:00,S0015,74796,74606
2026-06-09 00:00:00,S0016,59501,59387
2026-06-09 00:00:00,S0017,65085,65028
2026-06-09 00:00:00,S0018,69462,69293
2026-06-09 00:00:00,S0019,81125,81013
2026-06-09 00:00:00,S0020,82696,82491
2026-06-09 00:00:00,S0021,79147,79002
2026-06-09 00:00:00,S0022,71786,71719
2026-06-09 00:00:00,S0023,88097,87944
2026-06-09 00:00:00,S0024,70378,70155
2026-06-09 00:00:00,S0025,83949,83843
2026-06-09 00:00:00,S0026,96753,96550
2026-06-09 00:00:00,S0027,78800,78596
2026-06-09 00:00:00,S0028,90384,90299
2026-06-09 00:00:00,S0029,91685,91552
2026-06-09 00:00:00,S0030,85162,84996
2026-06-10 00:00:00,S0001,44205,44155
2026-06-10 00:00:00,S0002,51621,51527
2026-06-10 00:00:00,S0003,53128,52983
2026-06-10 00:00:00,S0004,51142,51076
2026-06-10 00:00:00,S0005,44357,44249
2026-06-10 00:00:00,S0006,54072,54001
2026-06-10 00:00:00,S0007,48706,48624
2026-06-10 00:00:00,S0008,57893,57794
2026-06-10 00:00:00,S0009,53455,53324
2026-06-10 00:00:00,S0010,52712,52701
2026-06-10 00:00:00,S0011,62098,61939
2026-06-10 00:00:00,S0012,57908,57808
2026-06-10 00:00:00,S0013,68908,68825
2026-06-10 00:00:00,S0014,66308,66190
2026-06-10 00:00:00,S0015,67124,66954
2026-06-10 00:00:00,S0016,66046,65939
2026-06-10 00:00:00,S0017,76369,76299
2026-06-10 00:00:00,S0018,66866,66707
2026-06-10 00:00:00,S0019,71654,71540
2026-06-10 00:00:00,S0020,67655,67480
2026-06-10 00:00:00,S0021,78537,78394
2026-06-10 00:00:00,S0022,80327,80236
2026-06-10 00:00:00,S0023,84713,84547
2026-06-10 00:00:00,S0024,84881,84629
2026-06-10 00:00:00,S0025,91074,90947
2026-06-10 00:00:00,S0026,92982,92795
2026-06-10 00:00:00,S0027,74912,74753
2026-06-10 00:00:00,S0028,99885,99808
2026-06-10 00:00:00,S0029,100593,100452
2026-06-10 00:00:00,S0030,89741,89560
2026-06-11 00:00:00,S0001,46870,46818
2026-06-11 00:00:00,S0002,50668,50570
2026-06-11 00:00:00,S0003,51036,50883
2026-06-11 00:00:00,S0004,50795,50721
2026-06-11 00:00:00,S0005,44160,44071
2026-06-11 00:00:00,S0006,47598,47530
2026-06-11 00:00:00,S0007,53803,53702
2026-06-11 00:00:00,S0008,47700,47621
2026-06-11 00:00:00,S0009,50074,49956
2026-06-11 00:00:00,S0010,61923,61911
2026-06-11 00:00:00,S0011,63001,62831
2026-06-11 00:00:00,S0012,63870,63742
2026-06-11 00:00:00,S0013,58389,58305
2026-06-11 00:00:00,S0014,73140,73009
2026-06-11 00:00:00,S0015,64668,64524
2026-06-11 00:00:00,S0016,62989,62889
2026-06-11 00:00:00,S0017,71798,71761
2026-06-11 00:00:00,S0018,71468,71301
2026-06-11 00:00:00,S0019,79981,79864
2026-06-11 00:00:00,S0020,76698,76532
2026-06-11 00:00:00,S0021,73608,73457
2026-06-11 00:00:00,S0022,67923,67861
2026-06-11 00:00:00,S0023,91000,90829
2026-06-11 00:00:00,S0024,82028,81774
2026-06-11 00:00:00,S0025,88410,88278
2026-06-11 00:00:00,S0026,86463,86268
2026-06-11 00:00:00,S0027,88987,88790
2026-06-11 00:00:00,S0028,78028,77981
2026-06-11 00:00:00,S0029,94528,94416
2026-06-11 00:00:00,S0030,87731,87568
2026-06-12 00:00:00,S0001,44728,44675
2026-06-12 00:00:00,S0002,39495,39421
2026-06-12 00:00:00,S0003,42227,42108
2026-06-12 00:00:00,S0004,49297,49218
2026-06-12 00:00:00,S0005,43996,43889
2026-06-12 00:00:00,S0006,49260,49196
2026-06-12 00:00:00,S0007,49234,49145
2026-06-12 00:00:00,S0008,48613,48543
2026-06-12 00:00:00,S0009,50076,49962
2026-06-12 00:00:00,S0010,56688,56677
2026-06-12 00:00:00,S0011,56849,56712
2026-06-12 00:00:00,S0012,54027,53919
2026-06-12 00:00:00,S0013,71380,71288
2026-06-12 00:00:00,S0014,63534,63401
2026-06-12 00:00:00,S0015,69324,69162
2026-06-12 00:00:00,S0016,70627,70516
2026-06-12 00:00:00,S0017,64230,64194
2026-06-12 00:00:00,S0018,73678,73527
2026-06-12 00:00:00,S0019,65561,65474
2026-06-12 00:00:00,S0020,73930,73767
2026-06-12 00:00:00,S0021,74105,73962
2026-06-12 00:00:00,S0022,73858,73789
2026-06-12 00:00:00,S0023,78513,78386
2026-06-12 00:00:00,S0024,81309,81037
2026-06-12 00:00:00,S0025,80658,80536
2026-06-12 00:00:00,S0026,84350,84178
2026-06-12 00:00:00,S0027,87254,87038
2026-06-12 00:00:00,S0028,100390,100333
2026-06-12 00:00:00,S0029,97958,97829
2026-06-12 00:00:00,S0030,101023,100838
2026-06-13 00:00:00,S0001,29606,29572
2026-06-13 00:00:00,S0002,34164,34092
2026-06-13 00:00:00,S0003,35220,35126
2026-06-13 00:00:00,S0004,33945,33892
2026-06-13 00:00:00,S0005,37576,37281
2026-06-13 00:00:00,S0006,40334,40288
2026-06-13 00:00:00,S0007,37816,37754
2026-06-13 00:00:00,S0008,36624,36573
2026-06-13 00:00:00,S0009,42688,42594
2026-06-13 00:00:00,S0010,38982,38974
2026-06-13 00:00:00,S0011,42909,42797
2026-06-13 00:00:00,S0012,41709,41641
2026-06-13 00:00:00,S0013,41883,41835
2026-06-13 00:00:00,S0014,53187,52806
2026-06-13 00:00:00,S0015,50192,50070
2026-06-13 00:00:00,S0016,51240,51142
2026-06-13 00:00:00,S0017,57149,57096
2026-06-13 00:00:00,S0018,49888,49787
2026-06-13 00:00:00,S0019,58544,58457
2026-06-13 00:00:00,S0020,50106,49980
2026-06-13 00:00:00,S0021,47824,47735
2026-06-13 00:00:00,S0022,59422,59359
2026-06-13 00:00:00,S0023,53696,53418
2026-06-13 00:00:00,S0024,53809,53634
2026-06-13 00:00:00,S0025,59853,59763
2026-06-13 00:00:00,S0026,54817,54697
2026-06-13 00:00:00,S0027,57196,57075
2026-06-13 00:00:00,S0028,60731,60690
2026-06-13 00:00:00,S0029,65378,65294
2026-06-13 00:00:00,S0030,59022,58914
2026-06-14 00:00:00,S0001,31223,31187
2026-06-14 00:00:00,S0002,33693,33632
2026-06-14 00:00:00,S0003,34282,34185
2026-06-14 00:00:00,S0004,38937,38890
2026-06-14 00:00:00,S0005,32054,31866
2026-06-14 00:00:00,S0006,33773,33728
2026-06-14 00:00:00,S0007,41113,41031
2026-06-14 00:00:00,S0008,37053,36999
2026-06-14 00:00:00,S0009,39468,39371
2026-06-14 00:00:00,S0010,46437,46428
2026-06-14 00:00:00,S0011,47396,47272
2026-06-14 00:00:00,S0012,44631,44554
2026-06-14 00:00:00,S0013,46724,46669
2026-06-14 00:00:00,S0014,51729,51340
2026-06-14 00:00:00,S0015,49183,49071
2026-06-14 00:00:00,S0016,44456,44383
2026-06-14 00:00:00,S0017,43846,43810
2026-06-14 00:00:00,S0018,50637,50514
2026-06-14 00:00:00,S0019,51531,51454
2026-06-14 00:00:00,S0020,48965,48848
2026-06-14 00:00:00,S0021,54931,54843
2026-06-14 00:00:00,S0022,62897,62816
2026-06-14 00:00:00,S0023,53970,53683
2026-06-14 00:00:00,S0024,52621,52462
2026-06-14 00:00:00,S0025,67520,67430
2026-06-14 00:00:00,S0026,56365,56234
2026-06-14 00:00:00,S0027,64906,64766
2026-06-14 00:00:00,S0028,57802,57774
2026-06-14 00:00:00,S0029,58470,58393
2026-06-14 00:00:00,S0030,74209,74069
2026-06-15 00:00:00,S0001,46103,46040
2026-06-15 00:00:00,S0002,45223,45123
2026-06-15 00:00:00,S0003,46315,46183
2026-06-15 00:00:00,S0004,50041,49957
2026-06-15 00:00:00,S0005,54137,54015
2026-06-15 00:00:00,S0006,48441,48377
2026-06-15 00:00:00,S0007,49111,49027
2026-06-15 00:00:00,S0008,60648,60553
2026-06-15 00:00:00,S0009,60070,59944
2026-06-15 00:00:00,S0010,53652,53641
2026-06-15 00:00:00,S0011,54289,54155
2026-06-15 00:00:00,S0012,64596,64492
2026-06-15 00:00:00,S0013,71095,71024
2026-06-15 00:00:00,S0014,66617,66481
2026-06-15 00:00:00,S0015,61644,61511
2026-06-15 00:00:00,S0016,60718,60607
2026-06-15 00:00:00,S0017,78743,78674
2026-06-15 00:00:00,S0018,62074,61924
2026-06-15 00:00:00,S0019,77997,77891
2026-06-15 00:00:00,S0020,76157,75991
2026-06-15 00:00:00,S0021,74068,73934
2026-06-15 00:00:00,S0022,81637,81553
2026-06-15 00:00:00,S0023,73225,73114
2026-06-15 00:00:00,S0024,71372,71136
2026-06-15 00:00:00,S0025,72426,72317
2026-06-15 00:00:00,S0026,95304,95129
2026-06-15 00:00:00,S0027,92868,92642
2026-06-15 00:00:00,S0028,92888,92811
2026-06-15 00:00:00,S0029,86171,86090
2026-06-15 00:00:00,S0030,0,0
2026-06-16 00:00:00,S0001,46836,46792
2026-06-16 00:00:00,S0002,48053,47961
2026-06-16 00:00:00,S0003,50451,50320
2026-06-16 00:00:00,S0004,45361,45297
2026-06-16 00:00:00,S0005,52488,52377
2026-06-16 00:00:00,S0006,56191,56114
2026-06-16 00:00:00,S0007,53655,53553
2026-06-16 00:00:00,S0008,47554,47475
2026-06-16 00:00:00,S0009,64029,63876
2026-06-16 00:00:00,S0010,64706,64693
2026-06-16 00:00:00,S0011,58584,58446
2026-06-16 00:00:00,S0012,55072,54977
2026-06-16 00:00:00,S0013,69289,69205
2026-06-16 00:00:00,S0014,63561,63431
2026-06-16 00:00:00,S0015,71708,71555
2026-06-16 00:00:00,S0016,70433,70309
2026-06-16 00:00:00,S0017,64510,64461
2026-06-16 00:00:00,S0018,63710,63568
2026-06-16 00:00:00,S0019,64783,64698
2026-06-16 00:00:00,S0020,79842,79656
2026-06-16 00:00:00,S0021,72439,72304
2026-06-16 00:00:00,S0022,71550,71463
2026-06-16 00:00:00,S0023,83908,83765
2026-06-16 00:00:00,S0024,88595,88303
2026-06-16 00:00:00,S0025,78845,78757
2026-06-16 00:00:00,S0026,74494,74340
2026-06-16 00:00:00,S0027,82365,82158
2026-06-16 00:00:00,S0028,76160,76121
2026-06-16 00:00:00,S0029,97777,97649
2026-06-16 00:00:00,S0030,85115,84944
2026-06-17 00:00:00,S0001,46451,46397
2026-06-17 00:00:00,S0002,42772,42689
2026-06-17 00:00:00,S0003,47769,47653
2026-06-17 00:00:00,S0004,49102,49023
2026-06-17 00:00:00,S0005,44609,44517
2026-06-17 00:00:00,S0006,53621,53558
2026-06-17 00:00:00,S0007,57027,56919
2026-06-17 00:00:00,S0008,57205,57135
2026-06-17 00:00:00,S0009,52267,52164
2026-06-17 00:00:00,S0010,58408,58396
2026-06-17 00:00:00,S0011,61546,61391
2026-06-17 00:00:00,S0012,68659,68546
2026-06-17 00:00:00,S0013,60959,60900
2026-06-17 00:00:00,S0014,62851,62722
2026-06-17 00:00:00,S0015,67591,67443
2026-06-17 00:00:00,S0016,77072,76946
2026-06-17 00:00:00,S0017,61739,61705
2026-06-17 00:00:00,S0018,68554,67937
2026-06-17 00:00:00,S0019,75210,75106
2026-06-17 00:00:00,S0020,68119,67964
2026-06-17 00:00:00,S0021,67766,67662
2026-06-17 00:00:00,S0022,70480,70416
2026-06-17 00:00:00,S0023,83040,82900
2026-06-17 00:00:00,S0024,91312,91027
2026-06-17 00:00:00,S0025,88884,88751
2026-06-17 00:00:00,S0026,94182,93983
2026-06-17 00:00:00,S0027,91763,91538
2026-06-17 00:00:00,S0028,80243,80193
2026-06-17 00:00:00,S0029,84050,83939
2026-06-17 00:00:00,S0030,83878,83715
2026-06-18 00:00:00,S0001,46317,46255
2026-06-18 00:00:00,S0002,41950,41869
2026-06-18 00:00:00,S0003,42344,42224
2026-06-18 00:00:00,S0004,53849,53786
2026-06-18 00:00:00,S0005,43697,43602
2026-06-18 00:00:00,S0006,53210,53150
2026-06-18 00:00:00,S0007,49047,48950
2026-06-18 00:00:00,S0008,61134,61047
2026-06-18 00:00:00,S0009,59760,59643
2026-06-18 00:00:00,S0010,65515,65502
2026-06-18 00:00:00,S0011,64740,64564
2026-06-18 00:00:00,S0012,62696,62591
2026-06-18 00:00:00,S0013,55502,55427
2026-06-18 00:00:00,S0014,72487,72351
2026-06-18 00:00:00,S0015,63066,62923
2026-06-18 00:00:00,S0016,77870,77755
2026-06-18 00:00:00,S0017,74053,74014
2026-06-18 00:00:00,S0018,62223,62098
2026-06-18 00:00:00,S0019,70440,70363
2026-06-18 00:00:00,S0020,69664,69499
2026-06-18 00:00:00,S0021,68995,68882
2026-06-18 00:00:00,S0022,69810,69731
2026-06-18 00:00:00,S0023,69435,69302
2026-06-18 00:00:00,S0024,81028,80795
2026-06-18 00:00:00,S0025,79015,78922
2026-06-18 00:00:00,S0026,93805,93592
2026-06-18 00:00:00,S0027,81675,81505
2026-06-18 00:00:00,S0028,83028,82998
2026-06-18 00:00:00,S0029,79204,79131
2026-06-18 00:00:00,S0030,102698,102483
2026-06-19 00:00:00,S0001,44516,44468
2026-06-19 00:00:00,S0002,45716,45628
2026-06-19 00:00:00,S0003,47701,47567
2026-06-19 00:00:00,S0004,45886,45821
2026-06-19 00:00:00,S0005,44891,44795
2026-06-19 00:00:00,S0006,55359,55301
2026-06-19 00:00:00,S0007,48172,48090
2026-06-19 00:00:00,S0008,55591,55510
2026-06-19 00:00:00,S0009,60590,60457
2026-06-19 00:00:00,S0010,56463,56452
2026-06-19 00:00:00,S0011,52330,52211
2026-06-19 00:00:00,S0012,54287,54179
2026-06-19 00:00:00,S0013,59952,59893
2026-06-19 00:00:00,S0014,64989,64859
2026-06-19 00:00:00,S0015,64024,63873
2026-06-19 00:00:00,S0016,72391,72283
2026-06-19 00:00:00,S0017,66730,66679
2026-06-19 00:00:00,S0018,72741,72587
2026-06-19 00:00:00,S0019,69908,69839
2026-06-19 00:00:00,S0020,77534,77368
2026-06-19 00:00:00,S0021,78661,78517
2026-06-19 00:00:00,S0022,86433,86349
2026-06-19 00:00:00,S0023,73784,73645
2026-06-19 00:00:00,S0024,88794,88541
2026-06-19 00:00:00,S0025,89905,89785
2026-06-19 00:00:00,S0026,85799,85607
2026-06-19 00:00:00,S0027,75849,75666
2026-06-19 00:00:00,S0028,89926,89877
2026-06-19 00:00:00,S0029,85604,85518
2026-06-19 00:00:00,S0030,96882,96692
2026-06-20 00:00:00,S0001,33224,33181
2026-06-20 00:00:00,S0002,34800,34741
2026-06-20 00:00:00,S0003,38422,38316
2026-06-20 00:00:00,S0004,34297,34252
2026-06-20 00:00:00,S0005,34250,34015
2026-06-20 00:00:00,S0006,39285,39235
2026-06-20 00:00:00,S0007,37017,36960
2026-06-20 00:00:00,S0008,34737,34688
2026-06-20 00:00:00,S0009,41209,41120
2026-06-20 00:00:00,S0010,44588,44579
2026-06-20 00:00:00,S0011,41075,40979
2026-06-20 00:00:00,S0012,42146,42075
2026-06-20 00:00:00,S0013,49165,49118
2026-06-20 00:00:00,S0014,47801,47547
2026-06-20 00:00:00,S0015,45626,45536
2026-06-20 00:00:00,S0016,54808,54718
2026-06-20 00:00:00,S0017,47468,47429
2026-06-20 00:00:00,S0018,53065,52952
2026-06-20 00:00:00,S0019,45753,45707
2026-06-20 00:00:00,S0020,57956,57835
2026-06-20 00:00:00,S0021,57136,57026
2026-06-20 00:00:00,S0022,54554,54503
2026-06-20 00:00:00,S0023,51082,50765
2026-06-20 00:00:00,S0024,59421,59238
2026-06-20 00:00:00,S0025,51999,51942
2026-06-20 00:00:00,S0026,69205,69051
2026-06-20 00:00:00,S0027,59491,59346
2026-06-20 00:00:00,S0028,62911,62878
2026-06-20 00:00:00,S0029,70155,70070
2026-06-20 00:00:00,S0030,57300,57188
2026-06-21 00:00:00,S0001,34484,34442
2026-06-21 00:00:00,S0002,33216,33146
2026-06-21 00:00:00,S0003,35743,35644
2026-06-21 00:00:00,S0004,32727,32683
2026-06-21 00:00:00,S0005,39295,39006
2026-06-21 00:00:00,S0006,36560,36521
2026-06-21 00:00:00,S0007,40233,40169
2026-06-21 00:00:00,S0008,35640,35595
2026-06-21 00:00:00,S0009,42888,42791
2026-06-21 00:00:00,S0010,36956,36949
2026-06-21 00:00:00,S0011,37455,37372
2026-06-21 00:00:00,S0012,44849,44775
2026-06-21 00:00:00,S0013,48024,47974
2026-06-21 00:00:00,S0014,49997,49610
2026-06-21 00:00:00,S0015,41459,41370
2026-06-21 00:00:00,S0016,47317,47243
2026-06-21 00:00:00,S0017,47538,47510
2026-06-21 00:00:00,S0018,48486,48390
2026-06-21 00:00:00,S0019,50841,50776
2026-06-21 00:00:00,S0020,51082,50982
2026-06-21 00:00:00,S0021,54884,54801
2026-06-21 00:00:00,S0022,49796,49741
2026-06-21 00:00:00,S0023,63003,62535
2026-06-21 00:00:00,S0024,64283,64081
2026-06-21 00:00:00,S0025,60349,60266
2026-06-21 00:00:00,S0026,67486,67357
2026-06-21 00:00:00,S0027,59586,59451
2026-06-21 00:00:00,S0028,66587,66547
2026-06-21 00:00:00,S0029,61021,60953
2026-06-21 00:00:00,S0030,68820,68684
2026-06-22 00:00:00,S0001,43562,43526
2026-06-22 00:00:00,S0002,46330,46248
2026-06-22 00:00:00,S0003,42372,42256
2026-06-22 00:00:00,S0004,46198,46131
2026-06-22 00:00:00,S0005,43481,43382
2026-06-22 00:00:00,S0006,52963,52910
2026-06-22 00:00:00,S0007,58638,58540
2026-06-22 00:00:00,S0008,53053,52980
2026-06-22 00:00:00,S0009,63533,63406
2026-06-22 00:00:00,S0010,66266,66253
2026-06-22 00:00:00,S0011,52969,52837
2026-06-22 00:00:00,S0012,63576,63470
2026-06-22 00:00:00,S0013,72214,72139
2026-06-22 00:00:00,S0014,60186,60088
2026-06-22 00:00:00,S0015,72871,72728
2026-06-22 00:00:00,S0016,74042,73921
2026-06-22 00:00:00,S0017,79405,79354
2026-06-22 00:00:00,S0018,72080,71938
2026-06-22 00:00:00,S0019,68244,68168
2026-06-22 00:00:00,S0020,69774,69620
2026-06-22 00:00:00,S0021,77325,77178
2026-06-22 00:00:00,S0022,68584,68505
2026-06-22 00:00:00,S0023,87073,86914
2026-06-22 00:00:00,S0024,77235,77005
2026-06-22 00:00:00,S0025,82629,82537
2026-06-22 00:00:00,S0026,77091,76923
2026-06-22 00:00:00,S0027,79779,79587
2026-06-22 00:00:00,S0028,80221,80167
2026-06-22 00:00:00,S0029,88903,88825
2026-06-22 00:00:00,S0030,89716,89548
2026-06-23 00:00:00,S0001,47971,47917
2026-06-23 00:00:00,S0002,44051,43970
2026-06-23 00:00:00,S0003,47878,47745
2026-06-23 00:00:00,S0004,54526,54463
2026-06-23 00:00:00,S0005,55722,55610
2026-06-23 00:00:00,S0006,58000,57933
2026-06-23 00:00:00,S0007,53471,53389
2026-06-23 00:00:00,S0008,58137,58048
2026-06-23 00:00:00,S0009,53792,53689
2026-06-23 00:00:00,S0010,66403,66390
2026-06-23 00:00:00,S0011,60823,60680
2026-06-23 00:00:00,S0012,59378,59284
2026-06-23 00:00:00,S0013,62568,62512
2026-06-23 00:00:00,S0014,56774,56661
2026-06-23 00:00:00,S0015,65916,65778
2026-06-23 00:00:00,S0016,76071,75947
2026-06-23 00:00:00,S0017,73817,73773
2026-06-23 00:00:00,S0018,64406,64274
2026-06-23 00:00:00,S0019,70252,70164
2026-06-23 00:00:00,S0020,85431,85232
2026-06-23 00:00:00,S0021,72232,72099
2026-06-23 00:00:00,S0022,84035,83973
2026-06-23 00:00:00,S0023,69813,69693
2026-06-23 00:00:00,S0024,87855,87608
2026-06-23 00:00:00,S0025,73396,73290
2026-06-23 00:00:00,S0026,83682,83531
2026-06-23 00:00:00,S0027,77797,77612
2026-06-23 00:00:00,S0028,86760,86698
2026-06-23 00:00:00,S0029,89239,89147
2026-06-23 00:00:00,S0030,102334,102135
2026-06-24 00:00:00,S0001,39518,39487
2026-06-24 00:00:00,S0002,46687,46600
2026-06-24 00:00:00,S0003,46085,45961
2026-06-24 00:00:00,S0004,54744,54678
2026-06-24 00:00:00,S0005,43278,43194
2026-06-24 00:00:00,S0006,51030,50970
2026-06-24 00:00:00,S0007,52036,51957
2026-06-24 00:00:00,S0008,52542,52466
2026-06-24 00:00:00,S0009,52683,52563
2026-06-24 00:00:00,S0010,51477,51467
2026-06-24 00:00:00,S0011,63639,63500
2026-06-24 00:00:00,S0012,66783,66680
2026-06-24 00:00:00,S0013,57644,57596
2026-06-24 00:00:00,S0014,64180,64073
2026-06-24 00:00:00,S0015,58659,58535
2026-06-24 00:00:00,S0016,77332,77199
2026-06-24 00:00:00,S0017,66086,66064
2026-06-24 00:00:00,S0018,69357,69200
2026-06-24 00:00:00,S0019,68037,67955
2026-06-24 00:00:00,S0020,67038,66905
2026-06-24 00:00:00,S0021,70618,70518
2026-06-24 00:00:00,S0022,73257,73207
2026-06-24 00:00:00,S0023,71186,71083
2026-06-24 00:00:00,S0024,71072,70843
2026-06-24 00:00:00,S0025,94527,94398
2026-06-24 00:00:00,S0026,78323,78184
2026-06-24 00:00:00,S0027,82848,81812
2026-06-24 00:00:00,S0028,85764,85734
2026-06-24 00:00:00,S0029,84009,83938
2026-06-24 00:00:00,S0030,79121,78958
2026-06-25 00:00:00,S0001,44453,44414
2026-06-25 00:00:00,S0002,43525,43444
2026-06-25 00:00:00,S0003,41675,41565
2026-06-25 00:00:00,S0004,54726,54665
2026-06-25 00:00:00,S0005,48358,48258
2026-06-25 00:00:00,S0006,46886,46842
2026-06-25 00:00:00,S0007,52114,52019
2026-06-25 00:00:00,S0008,50352,50295
2026-06-25 00:00:00,S0009,60183,60047
2026-06-25 00:00:00,S0010,51063,51053
2026-06-25 00:00:00,S0011,63017,62862
2026-06-25 00:00:00,S0012,62137,62040
2026-06-25 00:00:00,S0013,55444,55377
2026-06-25 00:00:00,S0014,61137,61032
2026-06-25 00:00:00,S0015,67541,67407
2026-06-25 00:00:00,S0016,76920,76805
2026-06-25 00:00:00,S0017,71087,71056
2026-06-25 00:00:00,S0018,75401,75243
2026-06-25 00:00:00,S0019,75601,75510
2026-06-25 00:00:00,S0020,77979,77831
2026-06-25 00:00:00,S0021,66484,66366
2026-06-25 00:00:00,S0022,68626,68574
2026-06-25 00:00:00,S0023,82603,82485
2026-06-25 00:00:00,S0024,76851,76609
2026-06-25 00:00:00,S0025,73579,73477
2026-06-25 00:00:00,S0026,85431,85249
2026-06-25 00:00:00,S0027,97153,96953
2026-06-25 00:00:00,S0028,99003,98976
2026-06-25 00:00:00,S0029,87381,87300
2026-06-25 00:00:00,S0030,89250,89072
2026-06-26 00:00:00,S0001,48379,48337
2026-06-26 00:00:00,S0002,40362,40281
2026-06-26 00:00:00,S0003,46754,46644
2026-06-26 00:00:00,S0004,45879,45820
2026-06-26 00:00:00,S0005,43490,43408
2026-06-26 00:00:00,S0006,47296,47236
2026-06-26 00:00:00,S0007,58147,58052
2026-06-26 00:00:00,S0008,62796,62705
2026-06-26 00:00:00,S0009,60257,60121
2026-06-26 00:00:00,S0010,59833,59821
2026-06-26 00:00:00,S0011,67300,67153
2026-06-26 00:00:00,S0012,65869,65776
2026-06-26 00:00:00,S0013,61875,61805
2026-06-26 00:00:00,S0014,61712,61588
2026-06-26 00:00:00,S0015,68826,68675
2026-06-26 00:00:00,S0016,77696,77562
2026-06-26 00:00:00,S0017,71883,71840
2026-06-26 00:00:00,S0018,61823,61684
2026-06-26 00:00:00,S0019,74379,74292
2026-06-26 00:00:00,S0020,69678,69523
2026-06-26 00:00:00,S0021,69916,69805
2026-06-26 00:00:00,S0022,79384,79307
2026-06-26 00:00:00,S0023,82360,82223
2026-06-26 00:00:00,S0024,72043,71841
2026-06-26 00:00:00,S0025,77593,77513
2026-06-26 00:00:00,S0026,73294,73140
2026-06-26 00:00:00,S0027,83918,83726
2026-06-26 00:00:00,S0028,90046,89994
2026-06-26 00:00:00,S0029,84259,84168
2026-06-26 00:00:00,S0030,89047,88903
2026-06-27 00:00:00,S0001,29425,29401
2026-06-27 00:00:00,S0002,33047,32992
2026-06-27 00:00:00,S0003,30835,30763
2026-06-27 00:00:00,S0004,38779,38729
2026-06-27 00:00:00,S0005,38065,37818
2026-06-27 00:00:00,S0006,36256,36215
2026-06-27 00:00:00,S0007,41760,41695
2026-06-27 00:00:00,S0008,35710,35670
2026-06-27 00:00:00,S0009,39969,39881
2026-06-27 00:00:00,S0010,39832,39824
2026-06-27 00:00:00,S0011,41776,41684
2026-06-27 00:00:00,S0012,42727,42657
2026-06-27 00:00:00,S0013,46154,46120
2026-06-27 00:00:00,S0014,43458,43164
2026-06-27 00:00:00,S0015,41501,41419
2026-06-27 00:00:00,S0016,46167,46092
2026-06-27 00:00:00,S0017,46841,46820
2026-06-27 00:00:00,S0018,52859,52760
2026-06-27 00:00:00,S0019,53806,53744
2026-06-27 00:00:00,S0020,60347,60226
2026-06-27 00:00:00,S0021,58599,58511
2026-06-27 00:00:00,S0022,58334,58281
2026-06-27 00:00:00,S0023,56865,56447
2026-06-27 00:00:00,S0024,64330,64152
2026-06-27 00:00:00,S0025,55086,55032
2026-06-27 00:00:00,S0026,67087,66945
2026-06-27 00:00:00,S0027,54435,54329
2026-06-27 00:00:00,S0028,68471,68428
2026-06-27 00:00:00,S0029,72052,71979
2026-06-27 00:00:00,S0030,64006,63888
2026-06-28 00:00:00,S0001,28905,28877
2026-06-28 00:00:00,S0002,33924,33862
2026-06-28 00:00:00,S0003,34523,34434
2026-06-28 00:00:00,S0004,38419,38380
2026-06-28 00:00:00,S0005,36233,35992
2026-06-28 00:00:00,S0006,37344,37298
2026-06-28 00:00:00,S0007,42666,42592
2026-06-28 00:00:00,S0008,39451,39407
2026-06-28 00:00:00,S0009,43724,43632
2026-06-28 00:00:00,S0010,41839,41831
2026-06-28 00:00:00,S0011,44759,44643
2026-06-28 00:00:00,S0012,49556,49470
2026-06-28 00:00:00,S0013,45676,45632
2026-06-28 00:00:00,S0014,49971,49608
2026-06-28 00:00:00,S0015,48570,48470
2026-06-28 00:00:00,S0016,42540,42483
2026-06-28 00:00:00,S0017,50183,50155
2026-06-28 00:00:00,S0018,46440,46343
2026-06-28 00:00:00,S0019,49617,49561
2026-06-28 00:00:00,S0020,46870,46784
2026-06-28 00:00:00,S0021,56814,56717
2026-06-28 00:00:00,S0022,50424,50389
2026-06-28 00:00:00,S0023,53278,52888
2026-06-28 00:00:00,S0024,64652,64468
2026-06-28 00:00:00,S0025,67566,67495
2026-06-28 00:00:00,S0026,63166,63039
2026-06-28 00:00:00,S0027,67621,67481
2026-06-28 00:00:00,S0028,61142,61110
2026-06-28 00:00:00,S0029,63923,63869
2026-06-28 00:00:00,S0030,69138,69015
2026-06-29 00:00:00,S0001,49337,49292
2026-06-29 00:00:00,S0002,41135,41064
2026-06-29 00:00:00,S0003,42873,42776
2026-06-29 00:00:00,S0004,53409,53331
2026-06-29 00:00:00,S0005,55020,54924
2026-06-29 00:00:00,S0006,51946,51888
2026-06-29 00:00:00,S0007,55029,54928
2026-06-29 00:00:00,S0008,53663,53597
2026-06-29 00:00:00,S0009,53357,53238
2026-06-29 00:00:00,S0010,63591,63578
2026-06-29 00:00:00,S0011,65084,64938
2026-06-29 00:00:00,S0012,54321,54243
2026-06-29 00:00:00,S0013,66178,66120
2026-06-29 00:00:00,S0014,70876,70742
2026-06-29 00:00:00,S0015,65687,65570
2026-06-29 00:00:00,S0016,73022,72904
2026-06-29 00:00:00,S0017,76628,76608
2026-06-29 00:00:00,S0018,72712,72575
2026-06-29 00:00:00,S0019,79167,79084
2026-06-29 00:00:00,S0020,72011,71860
2026-06-29 00:00:00,S0021,75193,75091
2026-06-29 00:00:00,S0022,85493,85417
2026-06-29 00:00:00,S0023,70388,70271
2026-06-29 00:00:00,S0024,87191,86926
2026-06-29 00:00:00,S0025,93931,93835
2026-06-29 00:00:00,S0026,83815,83639
2026-06-29 00:00:00,S0027,85566,85405
2026-06-29 00:00:00,S0028,93032,92991
2026-06-29 00:00:00,S0029,94446,94350
2026-06-29 00:00:00,S0030,85957,85822
2026-06-30 00:00:00,S0001,48138,48102
2026-06-30 00:00:00,S0002,41416,41341
2026-06-30 00:00:00,S0003,43141,43026
2026-06-30 00:00:00,S0004,49668,49602
2026-06-30 00:00:00,S0005,48674,48587
2026-06-30 00:00:00,S0006,53882,53815
2026-06-30 00:00:00,S0007,54498,54420
2026-06-30 00:00:00,S0008,61915,61851
2026-06-30 00:00:00,S0009,53274,53162
2026-06-30 00:00:00,S0010,64474,64461
2026-06-30 00:00:00,S0011,65857,65714
2026-06-30 00:00:00,S0012,57135,57052
2026-06-30 00:00:00,S0013,66047,65985
2026-06-30 00:00:00,S0014,71892,71781
2026-06-30 00:00:00,S0015,62910,62788
2026-06-30 00:00:00,S0016,62368,62267
2026-06-30 00:00:00,S0017,68412,68387
2026-06-30 00:00:00,S0018,63983,63850
2026-06-30 00:00:00,S0019,79788,79689
2026-06-30 00:00:00,S0020,76175,76025
2026-06-30 00:00:00,S0021,66489,66400
2026-06-30 00:00:00,S0022,68966,68909
2026-06-30 00:00:00,S0023,83593,83461
2026-06-30 00:00:00,S0024,79818,79590
2026-06-30 00:00:00,S0025,73480,73417
2026-06-30 00:00:00,S0026,90651,90479
2026-06-30 00:00:00,S0027,95907,95715
2026-06-30 00:00:00,S0028,78051,78002
2026-06-30 00:00:00,S0029,101027,100931
2026-06-30 00:00:00,S0030,87812,87678
